id;siglaTipo;descricaoTipo;dataApresentacao;ano;ementa;urlInteiroTeor
2297911;EMP;Emenda de Plenário a Projeto com Urgência;2021-09-08;0;Institui o Código Eleitoral;http://www.camara.gov.br/proposicoesWeb/prop_mostrarintegra?codteor=2070317
2319387;EMP;Emenda de Plenário a Projeto com Urgência;2022-04-06;0;Institui a Lei Brasileira de Liberdade, Responsabilidade e Transparência na Internet.;http://www.camara.gov.br/proposicoesWeb/prop_mostrarintegra?codteor=2156117
2297554;SBT;Substitutivo;2021-09-02;0;;http://www.camara.gov.br/proposicoesWeb/prop_mostrarintegra?codteor=2068855
2253320;PL;Projeto de Lei;2020-05-20;2020;Altera a Lei 1.079/1950 (Lei dos Crimes de Reponsabilidade) para punir condutas que coloquem em risco a saúde coletiva em detrimento do consenso científico.;http://www.camara.gov.br/proposicoesWeb/prop_mostrarintegra?codteor=1895991
2297455;EMP;Emenda de Plenário a Projeto com Urgência;2021-09-02;0;Emenda de Plenário - PLP 112-2021 - criminalização do caixa2;http://www.camara.gov.br/proposicoesWeb/prop_mostrarintegra?codteor=2068475
2223000;PL;Projeto de Lei;2019-10-02;2019;Obriga a divulgação dos valores pagos na comunicação do Poder Executivo Federal.;http://www.camara.gov.br/proposicoesWeb/prop_mostrarintegra?codteor=1814821
2241665;PL;Projeto de Lei;2020-03-23;2020;Altera a Lei nº 12.965, de 23 de abril de 2014 (Marco Civil da Internet) e o Decreto-Lei nº 2.848, de 7 de dezembro de 1940 (Código Penal), para inibir práticas que induzam, instiguem ou auxiliem alguém à autolesão, à automutilação, ao suicídio, à exposição a situação de risco de vida, ou à exposição a situação de risco de contaminação por moléstia contagiosa.;http://www.camara.gov.br/proposicoesWeb/prop_mostrarintegra?codteor=1869834
2279657;PL;Projeto de Lei;2021-04-28;2021;Dispõe sobre a proteção de usuários de redes sociais em relação a pedofilia e violência contra a mulher.;http://www.camara.gov.br/proposicoesWeb/prop_mostrarintegra?codteor=2000744
502574;PRC;Projeto de Resolução de Alteração do Regimento e outros;2011-05-17;2011;Insere inciso VI ao art. 4º do Código de Ética e Decoro Parlamentar da Câmara dos Deputados para constituir como conduta incompatível com o decoro parlamentar a participação do Deputado em gerência ou administração de sociedade privada, personificada ou não personificada, a prestação de consultoria ou assessoria privada e o exercício do comércio, exceto na qualidade de acionista, cotista ou comanditário.;http://www.camara.gov.br/proposicoesWeb/prop_mostrarintegra?codteor=873007
2297428;EMP;Emenda de Plenário a Projeto com Urgência;2021-09-02;0;Institui no Código Eleitoral;http://www.camara.gov.br/proposicoesWeb/prop_mostrarintegra?codteor=2068401
2297910;EMP;Emenda de Plenário a Projeto com Urgência;2021-09-08;0;Institui o Código Eleitoral;http://www.camara.gov.br/proposicoesWeb/prop_mostrarintegra?codteor=2070313
2319375;EMP;Emenda de Plenário a Projeto com Urgência;2022-04-06;0;Institui a Lei Brasileira de Liberdade, Responsabilidade e Transparência na Internet;http://www.camara.gov.br/proposicoesWeb/prop_mostrarintegra?codteor=2156053
2319449;EMP;Emenda de Plenário a Projeto com Urgência;2022-04-06;0;Institui a Lei Brasileira de Liberdade, Responsabilidade e Transparência na Internet.;http://www.camara.gov.br/proposicoesWeb/prop_mostrarintegra?codteor=2156315
2297914;EMP;Emenda de Plenário a Projeto com Urgência;2021-09-08;0;Institui o Código Eleitoral;http://www.camara.gov.br/proposicoesWeb/prop_mostrarintegra?codteor=2070331
2268968;PL;Projeto de Lei;2021-02-04;2021;Altera o Marco Civil da Internet para possibilitar a indisponibilização de conteúdo por provedor de aplicações de internet somente devido a ordem judicial.;http://www.camara.gov.br/proposicoesWeb/prop_mostrarintegra?codteor=1960304
2297798;EMP;Emenda de Plenário a Projeto com Urgência;2021-09-08;0;Acrescenta o §5º ao Art. 75 do Projeto de Lei Complementar nº 112, de 2021 para que as fundações partidárias contem em seus quadros com profissionais formados em ciências sociais, ciência política e ciências econômicas.;http://www.camara.gov.br/proposicoesWeb/prop_mostrarintegra?codteor=2069793
522552;PL;Projeto de Lei;2011-10-04;2011;Dispõe sobre a ação de resposta.;http://www.camara.gov.br/proposicoesWeb/prop_mostrarintegra?codteor=926857
2297921;EMP;Emenda de Plenário a Projeto com Urgência;2021-09-08;0;Acrescenta o §5º ao Art. 75 do Projeto de Lei Complementar nº 112, de 2021 para que as fundações partidárias contem em seus quadros com profissionais formados em ciências sociais, ciência política e ciências econômicas.;http://www.camara.gov.br/proposicoesWeb/prop_mostrarintegra?codteor=2070359
251286;PL;Projeto de Lei;2004-05-04;2004;"Acrescenta o art. 323-A à Lei nº 4.737, de 15 de julho de 1965, que ""Institui o Código Eleitoral"".";http://www.camara.gov.br/proposicoesWeb/prop_mostrarintegra?codteor=214977
2319393;EMP;Emenda de Plenário a Projeto com Urgência;2022-04-06;0;Dispõe sobre o substitutivo do Dep. Orlando Silva ao PL nº 2630 de 2020, que Institui a Lei Brasileira de Liberdade, Responsabilidade e Transparência na Internet.;http://www.camara.gov.br/proposicoesWeb/prop_mostrarintegra?codteor=2156135
606681;PL;Projeto de Lei;2014-02-20;2014;Altera o art. 143 do Decreto-Lei nº 2.848, de 7 de dezembro de 1940 - Código Penal.;http://www.camara.gov.br/proposicoesWeb/prop_mostrarintegra?codteor=1230568
2297933;EMP;Emenda de Plenário a Projeto com Urgência;2021-09-09;0;Institui o Código Eleitoral.;http://www.camara.gov.br/proposicoesWeb/prop_mostrarintegra?codteor=2070462
2298046;EMP;Emenda de Plenário a Projeto com Urgência;2021-09-09;0;Dispõe sobre as normas eleitorais e as normas processuais eleitorais brasileiras.;http://www.camara.gov.br/proposicoesWeb/prop_mostrarintegra?codteor=2070808
550814;PL;Projeto de Lei;2012-07-05;2012;Dispõe sobre a publicidade de atos, programas, obras, serviços e campanhas de pessoas jurídicas da União.;http://www.camara.gov.br/proposicoesWeb/prop_mostrarintegra?codteor=1010311
2256518;PL;Projeto de Lei;2020-06-30;2020;Altera o Marco Civil da Internet para proibir a retirada de conteúdos pelas aplicações de internet nos casos em que especifica.;http://www.camara.gov.br/proposicoesWeb/prop_mostrarintegra?codteor=1908998
1598685;SBT;Substitutivo;2015-08-06;0;"SUBSTITUTIVO AOS PROJETOS DE LEI 
NoS 215, 1.547 E 1.589, DE 2015
Estabelece causa de aumento de pena para o crime praticado por meio de aplicação de internet ou de dispositivo de informática ou telemática, e para o crime contra a honra ensejar a prática de ato que ocasione a morte da vítima, e dá outras providências.";http://www.camara.gov.br/proposicoesWeb/prop_mostrarintegra?codteor=1367703
26845;PL;Projeto de Lei;2001-03-20;2001;Estabelece normas sobre a publicidade e a propaganda dos atos do Poder Executivo e dá outras providências.;http://www.camara.gov.br/proposicoesWeb/prop_mostrarintegra?codteor=245
20411;PL;Projeto de Lei;2000-12-06;2000;Disciplina a publicidade e propaganda dos Poderes Executivos, Legislativos e Judiciário, e entidades da administração indireta.;http://www.camara.gov.br/proposicoesWeb/prop_mostrarintegra?codteor=30851
2261313;PL;Projeto de Lei;2020-09-01;2020;Institui o Direito ao Esquecimento Penal.;http://www.camara.gov.br/proposicoesWeb/prop_mostrarintegra?codteor=1926586
1712370;PL;Projeto de Lei;2015-09-03;2015;Acrescenta artigo à Lei nº 12.232, de 29 de abril de 2010, para proibir a contratação de serviços de publicidade por empresas estatais e sociedades de economia mista, quando estas possuírem posição dominante em mercados relevantes.;http://www.camara.gov.br/proposicoesWeb/prop_mostrarintegra?codteor=1381226
2297565;EMP;Emenda de Plenário a Projeto com Urgência;2021-09-02;0;Dispõe sobre as normas eleitorais e as normas processuais eleitorais brasileiras.;http://www.camara.gov.br/proposicoesWeb/prop_mostrarintegra?codteor=2068896
2298050;EMP;Emenda de Plenário a Projeto com Urgência;2021-09-09;0;Institui o Código Eleitoral.;http://www.camara.gov.br/proposicoesWeb/prop_mostrarintegra?codteor=2070821
2190912;PL;Projeto de Lei;2019-02-04;2019;"Altera a Lei nº 12.965, de 23 de abril de 2014, que ""estabelece princípios, direitos e deveres para o uso da Internet no Brasil"", para prever o direito ao esquecimento.";http://www.camara.gov.br/proposicoesWeb/prop_mostrarintegra?codteor=1707273
2208372;PL;Projeto de Lei;2019-06-17;2019;Regulamenta o desenvolvimento e execução das ações de comunicação da União.;http://www.camara.gov.br/proposicoesWeb/prop_mostrarintegra?codteor=1765716
565930;PL;Projeto de Lei;2013-02-28;2013;Acrescenta o art. 4º-A na Lei nº 12.232, de 29 de abril de 2010.;http://www.camara.gov.br/proposicoesWeb/prop_mostrarintegra?codteor=1061256
617192;PL;Projeto de Lei;2014-05-27;2014;Disciplina a publicidade institucional dos órgãos e entidades da União, Estados, Distrito Federal e Municípios, vedando as ações de governos restringindo-a a campanhas de utilidade pública;http://www.camara.gov.br/proposicoesWeb/prop_mostrarintegra?codteor=1257044
2297919;EMP;Emenda de Plenário a Projeto com Urgência;2021-09-08;0;Acrescenta inciso ao Art. 531 do Projeto de Novo Código Eleitoral para tornar a obrigatória a participação em debates dos candidatos à Presidência da República, nos termos deste Projeto.;http://www.camara.gov.br/proposicoesWeb/prop_mostrarintegra?codteor=2070351
2297903;EMP;Emenda de Plenário a Projeto com Urgência;2021-09-08;0;Dispõe sobre as normas eleitorais e as normas processuais eleitorais brasileiras.;http://www.camara.gov.br/proposicoesWeb/prop_mostrarintegra?codteor=2070288
2297923;EMP;Emenda de Plenário a Projeto com Urgência;2021-09-08;0;Dispõe sobre as normas eleitorais e as normas processuais eleitorais brasileiras.;http://www.camara.gov.br/proposicoesWeb/prop_mostrarintegra?codteor=2070367
2297560;EMP;Emenda de Plenário a Projeto com Urgência;2021-09-02;0;Institui o Código Eleitoral.;http://www.camara.gov.br/proposicoesWeb/prop_mostrarintegra?codteor=2068876
2297930;EMP;Emenda de Plenário a Projeto com Urgência;2021-09-08;0;Dispõe sobre as normas eleitorais e as normas processuais eleitorais brasileiras.;http://www.camara.gov.br/proposicoesWeb/prop_mostrarintegra?codteor=2070453
2297918;EMP;Emenda de Plenário a Projeto com Urgência;2021-09-08;0;Dispõe sobre as normas eleitorais e as normas processuais eleitorais brasileiras.;http://www.camara.gov.br/proposicoesWeb/prop_mostrarintegra?codteor=2070347
2297912;EMP;Emenda de Plenário a Projeto com Urgência;2021-09-08;0;Institui o Código Eleitoral.;http://www.camara.gov.br/proposicoesWeb/prop_mostrarintegra?codteor=2070321
614214;EMP;Emenda de Plenário;2014-05-06;2014;;http://www.camara.gov.br/proposicoesWeb/prop_mostrarintegra?codteor=1250812
2297450;EMP;Emenda de Plenário a Projeto com Urgência;2021-09-02;0;Emenda de Plenário - PLP 112-2021 - Disciplinar o rito da ação de investigação judicial eleitoral (AIJE) e ação de impugnação de mandato eletivo (AIME);http://www.camara.gov.br/proposicoesWeb/prop_mostrarintegra?codteor=2068459
2297966;EMP;Emenda de Plenário a Projeto com Urgência;2021-09-09;0;Institui o Código Eleitoral.;http://www.camara.gov.br/proposicoesWeb/prop_mostrarintegra?codteor=2070559
2297896;EMP;Emenda de Plenário a Projeto com Urgência;2021-09-08;0;Institui o Código Eleitoral.;http://www.camara.gov.br/proposicoesWeb/prop_mostrarintegra?codteor=2070261
1672348;PL;Projeto de Lei;2015-08-19;2015;Modifica a Lei nº 12.965, de 23 de abril de 2014, obrigando os provedores de aplicações de internet a remover, por solicitação do interessado, referências a registros sobre sua pessoa na internet, nas condições que especifica.;http://www.camara.gov.br/proposicoesWeb/prop_mostrarintegra?codteor=1374249
2254229;PL;Projeto de Lei;2020-06-01;2020;Altera a Lei Nº 12.965, de 23 de abril de 2014 (Marco Civil da Internet), e a Lei Nº 13.709, de 14 de agosto de 2018 (Lei Geral de Proteção de Dados), com a finalidade de estabelecer regras para a utilização de pseudônimos e perfis anônimos na Internet.;http://www.camara.gov.br/proposicoesWeb/prop_mostrarintegra?codteor=1899702
2227742;PL;Projeto de Lei;2019-10-30;2019;Acrescenta o art. 21-A à Lei nº 10.406, de 10 de janeiro de 2002(Código Civil), para incluir o direito ao esquecimento.;http://www.camara.gov.br/proposicoesWeb/prop_mostrarintegra?codteor=1828276
1630410;SBT;Substitutivo;2015-08-13;0;Acrescenta inciso V ao art. 141 do Decreto-Lei nº 2.848, de 7 de dezembro de 1940.;http://www.camara.gov.br/proposicoesWeb/prop_mostrarintegra?codteor=1370816
2237042;PL;Projeto de Lei;2020-02-12;2020;Dispõe sobre o rito sumário para a retirada de conteúdos ilegais de redes sociais.;http://www.camara.gov.br/proposicoesWeb/prop_mostrarintegra?codteor=1857645
2083801;PL;Projeto de Lei;2016-05-10;2016;"Altera a Lei nº 12.527, de 18 de novembro de 2011, que ""Regula o acesso a informações previsto no inciso XXXIII do art. 5º, no inciso II do § 3º do art. 37 e no § 2º do art. 216 da Constituição Federal; altera a Lei nº 8.112, de 11 de dezembro de 1990; revoga a Lei nº 11.111, de 5 de maio de 2005, e dispositivos da Lei nº 8.159, de 8 de janeiro de 1991; e dá outras providências. """;http://www.camara.gov.br/proposicoesWeb/prop_mostrarintegra?codteor=1456267
347443;PL;Projeto de Lei;2007-04-09;2007;Dispõe sobre o registro e informação sobre publicidade estatal e dá outras providências.;http://www.camara.gov.br/proposicoesWeb/prop_mostrarintegra?codteor=449612
2297890;EMP;Emenda de Plenário a Projeto com Urgência;2021-09-08;0;Institui o Código Eleitoral;http://www.camara.gov.br/proposicoesWeb/prop_mostrarintegra?codteor=2070240
1548564;PL;Projeto de Lei;2015-06-30;2015;Dispõe sobre a divulgação dos custos referentes a publicidade de atos, programas, obras, serviços e campanhas da Administração Pública Federal Direta e Indireta.;http://www.camara.gov.br/proposicoesWeb/prop_mostrarintegra?codteor=1355101
2283805;PL;Projeto de Lei;2021-05-20;2021;Estabelece a proibição do controle das redes sociais pelos poderes da União, Estados e Municípios, exceto quando se tratar de ação judicial para a defesa de direitos.;http://www.camara.gov.br/proposicoesWeb/prop_mostrarintegra?codteor=2015039
2297962;EMP;Emenda de Plenário a Projeto com Urgência;2021-09-09;0;Institui o Código Eleitoral.;http://www.camara.gov.br/proposicoesWeb/prop_mostrarintegra?codteor=2070549
2316264;PL;Projeto de Lei;2022-02-24;2022;Estabelece a obrigatoriedade de que pessoas jurídicas, ainda que sediadas no exterior, que atuem no País, com prestação de serviços digitais e alcance igual ou superior a 5.000.000 (cinco milhões) de usuários, disponham de representante legal no País, e dá outras providências.;http://www.camara.gov.br/proposicoesWeb/prop_mostrarintegra?codteor=2140583
2297361;EMP;Emenda de Plenário a Projeto com Urgência;2021-09-02;0;Suprima-se do texto do Projeto de Lei Complementar o inciso XIV e os §§ 8.º e 9.º do art. 181.;http://www.camara.gov.br/proposicoesWeb/prop_mostrarintegra?codteor=2068219
550880;PL;Projeto de Lei;2012-07-05;2012;Dispõe sobre a obrigatoriedade de divulgação, pelos órgãos e entidades da administração pública federal, dos gastos relativos às publicidades oficiais.;http://www.camara.gov.br/proposicoesWeb/prop_mostrarintegra?codteor=1010412
544335;PL;Projeto de Lei;2012-05-10;2012;Dispõe sobre parâmetros legais para veiculação da propaganda institucional da Administração Pública, direta e indireta, e dá outras providências.;http://www.camara.gov.br/proposicoesWeb/prop_mostrarintegra?codteor=990863
2298120;ERD;Emenda de Redação em Plenário;2021-09-09;0;Institui o Código Eleitoral.;http://www.camara.gov.br/proposicoesWeb/prop_mostrarintegra?codteor=2071171
2297413;EMP;Emenda de Plenário a Projeto com Urgência;2021-09-02;0;Dê-se ao inciso X do art. 36 do substitutivo apresentado ao Projeto de Lei Complementar nº 112, de 2021, a seguinte redação.;http://www.camara.gov.br/proposicoesWeb/prop_mostrarintegra?codteor=2068346
2294200;SBT;Substitutivo;2021-08-12;0;;http://www.camara.gov.br/proposicoesWeb/prop_mostrarintegra?codteor=2056756
2256735;PL;Projeto de Lei;2020-07-03;2020;Institui a Lei Brasileira de Liberdade, Responsabilidade e Transparência na Internet.;http://www.camara.gov.br/proposicoesWeb/prop_mostrarintegra?codteor=1909983
2297453;EMP;Emenda de Plenário a Projeto com Urgência;2021-09-02;0;Emenda de Plenário - PLP 112-2021 - Responsabilização dos partidos políticos;http://www.camara.gov.br/proposicoesWeb/prop_mostrarintegra?codteor=2068469
2297522;EMP;Emenda de Plenário a Projeto com Urgência;2021-09-02;0;Dispõe sobre as normas eleitorais e as normas processuais eleitorais brasileiras.;http://www.camara.gov.br/proposicoesWeb/prop_mostrarintegra?codteor=2068690
2297341;EMP;Emenda de Plenário a Projeto com Urgência;2021-09-02;0;"Emenda supressiva ao Projeto de Lei Complementar n. 112, de 2021, que ""Institui o Código Eleitoral.""";http://www.camara.gov.br/proposicoesWeb/prop_mostrarintegra?codteor=2068140
2297746;EMP;Emenda de Plenário a Projeto com Urgência;2021-09-02;0;"Dê-se a seguinte redação aos art. 36, 65 e 379 do Substitutivo (PRLP 3) apresentado pela Relatora ao Projeto de Lei Complementar n.º 112, de 2021, sendo que, em caso de renumeração desses dispositivos em outra versão de substitutivo, se proceda ao devido redirecionamento.

“Art. 36 ……………………………………....................................................................................
……………………………………...................................................................………….................
X - prevenção, repressão e combate à violência política contra a mulher, os negros, os indígenas e as minorias.” (NR)

“Art. 65 ……………………......................................................................…………….............…
………………………….........................................................................…………………..............
Parágrafo único ……………………….......................................................................................
…………………………………………..........................................................................................
II - os votos dados a mulheres, negros e indígenas serão contados em dobro, aplicando-se uma única vez por pleito.” (NR)

“Art. 379 ……………………………...........................................................................................
………………………………………............................................................................................
§5º Para fins do disposto dos §§ 3º e 4º deste artigo, serão contabilizados em dobro os mandatos conquistados por mulheres, negros e indígenas, aplicando-se uma única vez por pleito.”(NR)";http://www.camara.gov.br/proposicoesWeb/prop_mostrarintegra?codteor=2069596
2297920;EMP;Emenda de Plenário a Projeto com Urgência;2021-09-08;0;Altera o inciso IV do Art. 369 do Projeto de Novo Código Eleitoral, para assegurar programas de promoção e difusão de participação política da população de mulheres, povos indígenas, negros e LGBTQIA+.;http://www.camara.gov.br/proposicoesWeb/prop_mostrarintegra?codteor=2070355
2303824;PL;Projeto de Lei;2021-10-21;2021;Altera a Lei no 12.965, de 23 de abril de 2014, para criar obrigações para os provedores de aplicação de internet na moderação de discursos de ódio.;http://www.camara.gov.br/proposicoesWeb/prop_mostrarintegra?codteor=2093192
2222080;PL;Projeto de Lei;2019-09-26;2019;Altera a Lei nº 12.965, de 23 de abril de 2014, que estabelece princípios, garantias, direitos e deveres para o uso da Internet no Brasil, para criar mecanismos de verificação de identidade dos perfis ativos em aplicações de internet que atuem como redes sociais.;http://www.camara.gov.br/proposicoesWeb/prop_mostrarintegra?codteor=1812718
589565;PL;Projeto de Lei;2013-08-28;2013;Dispõe sobre a divulgação dos custos de veiculação de propaganda realizados pela União, Estados, Distrito Federal e Municípios.;http://www.camara.gov.br/proposicoesWeb/prop_mostrarintegra?codteor=1122505
2297757;EMP;Emenda de Plenário a Projeto com Urgência;2021-09-08;0;Suprima-se o §1º do artigo 514 do substitutivo do PLP nº 112/2021;http://www.camara.gov.br/proposicoesWeb/prop_mostrarintegra?codteor=2069636
2319425;EMP;Emenda de Plenário a Projeto com Urgência;2022-04-06;0;Institui a Lei Brasileira de Liberdade, Responsabilidade e Transparência na Internet;http://www.camara.gov.br/proposicoesWeb/prop_mostrarintegra?codteor=2156231
50556;SBT;Substitutivo;1995-08-15;0;;http://www.camara.gov.br/proposicoesWeb/prop_mostrarintegra?codteor=30613
1279451;PL;Projeto de Lei;2015-05-19;2015;Torna mais rigorosa a punição dos crimes contra a honra cometidos mediantes disponibilização de conteúdo na internet ou que ensejarem a prática de atos que causem a morte da vítima.;http://www.camara.gov.br/proposicoesWeb/prop_mostrarintegra?codteor=1336275
2297772;EMP;Emenda de Plenário a Projeto com Urgência;2021-09-08;0;Institui o Código Eleitoral.;http://www.camara.gov.br/proposicoesWeb/prop_mostrarintegra?codteor=2069694
2214429;SBT;Substitutivo;2019-08-08;0;;http://www.camara.gov.br/proposicoesWeb/prop_mostrarintegra?codteor=1787164
604135;PL;Projeto de Lei;2013-12-11;2013;Regula a propaganda governamental e dá outras providências.;http://www.camara.gov.br/proposicoesWeb/prop_mostrarintegra?codteor=1208951
2319397;EMP;Emenda de Plenário a Projeto com Urgência;2022-04-06;0;Institui a Lei Brasileira de Liberdade, Responsabilidade e Transparência na Internet.;http://www.camara.gov.br/proposicoesWeb/prop_mostrarintegra?codteor=2156147
2298048;EMP;Emenda de Plenário a Projeto com Urgência;2021-09-09;0;Dispõe sobre as normas eleitorais e as normas processuais eleitorais brasileiras.;http://www.camara.gov.br/proposicoesWeb/prop_mostrarintegra?codteor=2070813
2297570;EMP;Emenda de Plenário a Projeto com Urgência;2021-09-02;0;Suprima-se do texto do Projeto de Lei Complementar o inciso XIV e os §§ 8.º a 12 do art. 170.;http://www.camara.gov.br/proposicoesWeb/prop_mostrarintegra?codteor=2068914
2319441;EMP;Emenda de Plenário a Projeto com Urgência;2022-04-06;0;Institui a Lei Brasileira de Liberdade, Responsabilidade e Transparência na Internet;http://www.camara.gov.br/proposicoesWeb/prop_mostrarintegra?codteor=2156278
2297775;EMP;Emenda de Plenário a Projeto com Urgência;2021-09-08;0;Institui o Código Eleitoral.;http://www.camara.gov.br/proposicoesWeb/prop_mostrarintegra?codteor=2069703
2120053;PL;Projeto de Lei;2016-12-06;2016;"Proíbe a criação e utilização de marcas próprias ""logotipos"" para identificar gestões no âmbito do Poder Executivo.";http://www.camara.gov.br/proposicoesWeb/prop_mostrarintegra?codteor=1514556
2297527;EMP;Emenda de Plenário a Projeto com Urgência;2021-09-02;0;Institui o Código Eleitoral;http://www.camara.gov.br/proposicoesWeb/prop_mostrarintegra?codteor=2068702
2013537;SBT-A;Substitutivo adotado pela Comissão;2015-10-07;0;Substitutivo adotado pela CCJC ao PL 215/2015.;http://www.camara.gov.br/proposicoesWeb/prop_mostrarintegra?codteor=1397159
2297429;EMP;Emenda de Plenário a Projeto com Urgência;2021-09-02;0;Institui o Código Eleitoral;http://www.camara.gov.br/proposicoesWeb/prop_mostrarintegra?codteor=2068639
2319376;EMP;Emenda de Plenário a Projeto com Urgência;2022-04-06;0;Institui a Lei Brasileira de Liberdade, Responsabilidade e Transparência na Internet;http://www.camara.gov.br/proposicoesWeb/prop_mostrarintegra?codteor=2156064
1672060;SBT;Substitutivo;2015-08-18;0;Estabelece causa de aumento de pena para o crime praticado com o emprego de equipamento, aparelho, dispositivo ou outro meio necessário à realização de telecomunicação, ou por aplicação de internet, independentemente do meio empregado, e para o crime contra a honra ensejar a prática de ato que ocasione a morte da vítima, e dá outras providências.;http://www.camara.gov.br/proposicoesWeb/prop_mostrarintegra?codteor=1373606
519362;PL;Projeto de Lei;2011-09-13;2011;Altera a redação do art. 100 da Lei nº 5.869, de 11 de janeiro de 1973 - Código de Processo Civil , e acrescenta o art. 74-A ao Decreto-lei nº 3.689, de 3 de outubro de 1941- Código de Processo Penal.;http://www.camara.gov.br/proposicoesWeb/prop_mostrarintegra?codteor=919072
2298115;SSP;Subemenda Substitutiva de Plenário;2021-09-09;0;;http://www.camara.gov.br/proposicoesWeb/prop_mostrarintegra?codteor=2071066
2210355;PL;Projeto de Lei;2019-07-02;2019;Dispõe sobre o uso exclusivo do brasão oficial como marca de gestão na publicidade de órgãos públicos.;http://www.camara.gov.br/proposicoesWeb/prop_mostrarintegra?codteor=1772864
16873;PL;Projeto de Lei;1991-09-26;1991;Regulamenta o art. 5º, inciso V, da Constituição Federal;http://www.camara.gov.br/proposicoesWeb/prop_mostrarintegra?codteor=15522
2298064;EMP;Emenda de Plenário a Projeto com Urgência;2021-09-09;0;Inclua-se o seguinte § 4º ao art. 483  da Subemenda Substitutiva apresentada pela Relatora ao Projeto de Lei Complementar nº 112/2021.;http://www.camara.gov.br/proposicoesWeb/prop_mostrarintegra?codteor=2070894
2297938;EMP;Emenda de Plenário a Projeto com Urgência;2021-09-09;0;Institui o Código Eleitoral.;http://www.camara.gov.br/proposicoesWeb/prop_mostrarintegra?codteor=2070475
522112;PL;Projeto de Lei;2011-09-28;2011;Altera o inciso IV do art. 11 da Lei nº 8.429, de 2 de junho de 1992.;http://www.camara.gov.br/proposicoesWeb/prop_mostrarintegra?codteor=925085
2269848;PL;Projeto de Lei;2021-02-09;2021;Altera o Decreto-Lei nº 2.848, de 7 de dezembro de 1940 - Código Penal, para estabelecer nova hipótese de cometimento de crime em caso de censura de redes sociais, e acrescenta artigo à Lei nº 4.737, de 15 de julho de 1965 - Código Eleitoral, a fim de tipificar, também como crime eleitoral, a censura de redes sociais especificamente com este fim.;http://www.camara.gov.br/proposicoesWeb/prop_mostrarintegra?codteor=1962242
2193267;PL;Projeto de Lei;2019-02-27;2019;Dispõe sobre as despesas de peças e anúncios publicitários dos órgãos e entidades dos Poderes Legislativo e Executivo, bem como as concessionárias de serviço público.;http://www.camara.gov.br/proposicoesWeb/prop_mostrarintegra?codteor=1715356
1585108;EMR;Emenda de Relator;2015-07-16;0;;http://www.camara.gov.br/proposicoesWeb/prop_mostrarintegra?codteor=1362927
2297900;EMP;Emenda de Plenário a Projeto com Urgência;2021-09-08;0;Dispõe sobre as normas eleitorais e as normas processuais eleitorais brasileiras.;http://www.camara.gov.br/proposicoesWeb/prop_mostrarintegra?codteor=2070275
563752;PL;Projeto de Lei;2012-12-17;2012;Determina que sejam divulgados os valores gastos com publicidade pelos órgãos e entidades da Administração Pública federal.;http://www.camara.gov.br/proposicoesWeb/prop_mostrarintegra?codteor=1051101
2297922;EMP;Emenda de Plenário a Projeto com Urgência;2021-09-08;0;Dispõe sobre as normas eleitorais e as normas processuais eleitorais brasileiras.;http://www.camara.gov.br/proposicoesWeb/prop_mostrarintegra?codteor=2070363
2297564;EMP;Emenda de Plenário a Projeto com Urgência;2021-09-02;0;Institui o Código Eleitoral.;http://www.camara.gov.br/proposicoesWeb/prop_mostrarintegra?codteor=2068892
2297377;EMP;Emenda de Plenário a Projeto com Urgência;2021-09-02;0;Altera o art. 197 do PLP nº 112/2021;http://www.camara.gov.br/proposicoesWeb/prop_mostrarintegra?codteor=2068263
19319;PL;Projeto de Lei;1992-09-26;1992;Dispõe sobre a liberdade de imprensa, de opinião e de informação, disciplina a responsabilidade dos meios de comunicação, e dá outras providências;http://www.camara.gov.br/proposicoesWeb/prop_mostrarintegra?codteor=15511
2298913;EMA;Emenda Aglutinativa de Plenário;2021-09-15;0;Institui o Código Eleitoral.;http://www.camara.gov.br/proposicoesWeb/prop_mostrarintegra?codteor=2074078
2319418;EMP;Emenda de Plenário a Projeto com Urgência;2022-04-06;0;Institui a Lei Brasileira de Liberdade, Responsabilidade e Transparência na Internet.;http://www.camara.gov.br/proposicoesWeb/prop_mostrarintegra?codteor=2156205
2253720;PL;Projeto de Lei;2020-05-26;2020;Dispõe sobre a destinação de 70% (setenta por cento) das verbas reservadas para gastos com publicidade, serem destinadas para campanhas educativas de resgate da cidadania e campanhas de saúde pública e dá outras providências;http://www.camara.gov.br/proposicoesWeb/prop_mostrarintegra?codteor=1897668
1199273;PL;Projeto de Lei;2015-04-09;2015;Dispõe sobre a publicidade e a propaganda governamentais.;http://www.camara.gov.br/proposicoesWeb/prop_mostrarintegra?codteor=1319125
2075795;PL;Projeto de Lei;2015-12-17;2015;Altera o inciso III do art. 141 do dec-lei 2.848, de 7 de dezembro de 1940 e dá outras providências.;http://www.camara.gov.br/proposicoesWeb/prop_mostrarintegra?codteor=1425554
2297898;EMP;Emenda de Plenário a Projeto com Urgência;2021-09-08;0;Institui o Código Eleitoral;http://www.camara.gov.br/proposicoesWeb/prop_mostrarintegra?codteor=2070267
2297940;EMP;Emenda de Plenário a Projeto com Urgência;2021-09-09;0;Institui o Código Eleitoral;http://www.camara.gov.br/proposicoesWeb/prop_mostrarintegra?codteor=2070481
2192022;PL;Projeto de Lei;2019-02-13;2019;Altera o Decreto-Lei nº 2.848, de 7 de dezembro de 1940 - Código Penal, para prever aplicação da pena em dobro aos crimes contra honra cometidos mediante o uso perfil falso de redes sociais na internet.;http://www.camara.gov.br/proposicoesWeb/prop_mostrarintegra?codteor=1710517
2184113;PL;Projeto de Lei;2018-10-10;2018;Acrescenta parágrafo único ao art. 11 da Lei nº 10.406, de 10 de janeiro de 2002, que institui o Código Civil, instituindo o direito ao esquecimento.;http://www.camara.gov.br/proposicoesWeb/prop_mostrarintegra?codteor=1686439
2053095;PL;Projeto de Lei;2015-11-05;2015;"Altera o Código Penal (Decreto-Lei nº 2.848, de 7 de dezembro de 1940), para tipificar o crime de ""estelionato eleitoral"", tendo como sujeitos ativos os Chefes dos Poderes Executivo Federal, Estadual e Municipal que descumprirem os compromissos de campanha assumidos publicamente e entregues à Justiça Eleitoral como requisito para obtenção dos respectivos registros de candidatura.";http://www.camara.gov.br/proposicoesWeb/prop_mostrarintegra?codteor=1409317
498876;PL;Projeto de Lei;2011-04-19;2011;Dispõe sobre o direito de resposta ou retificação do ofendido por matéria divulgada, publicada ou transmitida por veículo de comunicação social.;http://www.camara.gov.br/proposicoesWeb/prop_mostrarintegra?codteor=861185
2297368;EMP;Emenda de Plenário a Projeto com Urgência;2021-09-02;0;Institui o Código Eleitoral.;http://www.camara.gov.br/proposicoesWeb/prop_mostrarintegra?codteor=2068237
253548;PL;Projeto de Lei;2004-05-13;2004;Revoga os artigos 51 e 52 da Lei nº 5.250, de 9 de fevereiro de 1967, que regula a liberdade de manifestação do pensamento e da informação, sobre dano moral.;http://www.camara.gov.br/proposicoesWeb/prop_mostrarintegra?codteor=218266
2319427;EMP;Emenda de Plenário a Projeto com Urgência;2022-04-06;0;Institui a Lei Brasileira de Liberdade, Responsabilidade e Transparência na Internet;http://www.camara.gov.br/proposicoesWeb/prop_mostrarintegra?codteor=2156237
2297423;EMP;Emenda de Plenário a Projeto com Urgência;2021-09-02;0;Institui o Código Eleitoral;http://www.camara.gov.br/proposicoesWeb/prop_mostrarintegra?codteor=2068385
477864;SBT;Substitutivo;2010-05-19;0;Disciplina a publicidade e propaganda dos Poderes Executivos, Legislativos e Judiciário, e entidades da administração indireta.;http://www.camara.gov.br/proposicoesWeb/prop_mostrarintegra?codteor=770377
2297916;EMP;Emenda de Plenário a Projeto com Urgência;2021-09-08;0;Institui o Código Eleitoral.;http://www.camara.gov.br/proposicoesWeb/prop_mostrarintegra?codteor=2070339
121389;PL;Projeto de Lei;2003-06-25;2003;Acrescenta ao art. 55 da Lei nº 8.666 de 21 de junho de 1993, o parágrafo que discrimina.;http://www.camara.gov.br/proposicoesWeb/prop_mostrarintegra?codteor=142904
2319329;EMP;Emenda de Plenário a Projeto com Urgência;2022-04-05;0;Emenda ao PL 2630/2020.;http://www.camara.gov.br/proposicoesWeb/prop_mostrarintegra?codteor=2155778
542822;PRC;Projeto de Resolução de Alteração do Regimento e outros;2012-04-25;2012;Altera a Resolução nº 25, de 2001, que instituiu o Código de Ética e Decoro Parlamentar da Câmara dos Deputados, para incluir dentre as condutas que atentam contra o decoro parlamentar, a contratação de empresas doadoras na campanha eleitoral pelo parlamentar beneficiado e acrescentar obrigação de o parlamentar apresentar lista de doadores de campanha.;http://www.camara.gov.br/proposicoesWeb/prop_mostrarintegra?codteor=986245
1806242;SBT;Substitutivo;2015-10-01;0;Acrescenta inciso V ao art. 141 do Decreto-Lei nº 2.848, de 7 de dezembro de 1940.;http://www.camara.gov.br/proposicoesWeb/prop_mostrarintegra?codteor=1394145
2297797;EMP;Emenda de Plenário a Projeto com Urgência;2021-09-08;0;Altera o inciso IV do Art. 369 do Projeto de Novo Código Eleitoral, para assegurar programas de promoção e difusão de participação política da população de mulheres, povos indígenas, negros e LGBTQIA+.;http://www.camara.gov.br/proposicoesWeb/prop_mostrarintegra?codteor=2069789
2319330;EMP;Emenda de Plenário a Projeto com Urgência;2022-04-05;0;Emenda ao PL 2630/2020.;http://www.camara.gov.br/proposicoesWeb/prop_mostrarintegra?codteor=2155782
2219333;PL;Projeto de Lei;2019-09-10;2019;Altera a Lei nº 12.965, de 23 de abril de 2014 (Marco Civil da Internet), para estabelecer mecanismo de verificação de identidade, por meio do CPF, para pessoas físicas, ou do CNPJ, para pessoas jurídicas, dos perfis ativos em aplicações de internet que atuem como redes sociais.;http://www.camara.gov.br/proposicoesWeb/prop_mostrarintegra?codteor=1804641
2297958;EMP;Emenda de Plenário a Projeto com Urgência;2021-09-09;0;Institui o Código Eleitoral.;http://www.camara.gov.br/proposicoesWeb/prop_mostrarintegra?codteor=2070538
2056226;EMR;Emenda de Relator;2015-11-24;0;;http://www.camara.gov.br/proposicoesWeb/prop_mostrarintegra?codteor=1416703
2297535;EMP;Emenda de Plenário a Projeto com Urgência;2021-09-02;0;Estabelece a participação obrigatória em debates de candidatos majoritários no período eleitoral.;http://www.camara.gov.br/proposicoesWeb/prop_mostrarintegra?codteor=2068725
2269422;PL;Projeto de Lei;2021-02-05;2021;Dispõe sobre a responsabilidade civil de provedores de aplicações de internet pela atividade de moderação, na forma de rotulagem de conteúdo que expresse a opinião de usuário, e assim caracterize exercício de liberdade fundamental.;http://www.camara.gov.br/proposicoesWeb/prop_mostrarintegra?codteor=1961002
2230688;PL;Projeto de Lei;2019-11-26;2019;Altera a Lei nº 12.232, de 29 de abril de 2010, para vedar a contratação de serviços de publicidade e propaganda pelos entes federados cujo montante da despesa autorizada em cada exercício financeiro seja superior ao total das receitas estimadas para o mesmo período;http://www.camara.gov.br/proposicoesWeb/prop_mostrarintegra?codteor=1837560
2297807;EMP;Emenda de Plenário a Projeto com Urgência;2021-09-08;0;Dispõe sobre as normas eleitorais e as normas processuais eleitorais brasileiras.;http://www.camara.gov.br/proposicoesWeb/prop_mostrarintegra?codteor=2069821
2297785;EMP;Emenda de Plenário a Projeto com Urgência;2021-09-08;0;Dispõe sobre as normas eleitorais e as normas processuais eleitorais brasileiras.;http://www.camara.gov.br/proposicoesWeb/prop_mostrarintegra?codteor=2069753
1307134;PL;Projeto de Lei;2015-06-12;2015;Altera a Lei nº 12.232, de 29 de abril de 2010, que dispõe sobre normas de contratação pela administração pública de serviços de publicidade, com o intuito de limitar a realização de despesas com publicidade e propaganda dos órgãos públicos no âmbito da administração pública direta e indireta e dá outras providências.;http://www.camara.gov.br/proposicoesWeb/prop_mostrarintegra?codteor=1348256
18850;PL;Projeto de Lei;2000-05-03;2000;Altera o parágrafo 1º do art. 1º e art. 7º da Lei nº 5.250, de 9 de fevereiro de 1967, Lei de Imprensa.;http://www.camara.gov.br/proposicoesWeb/prop_mostrarintegra?codteor=22711
2297536;EMP;Emenda de Plenário a Projeto com Urgência;2021-09-02;0;Altera o PLP 112/2021.;http://www.camara.gov.br/proposicoesWeb/prop_mostrarintegra?codteor=2068728
478047;PL;Projeto de Lei;2010-05-19;2010;Normatiza a publicidade no âmbito da administração pública federal direta e indireta.;http://www.camara.gov.br/proposicoesWeb/prop_mostrarintegra?codteor=770890
2254760;PL;Projeto de Lei;2020-06-08;2020;Dispõe sobre a transparência nos anúncios publicitários da Administração Direta, Empresas Públicas, Estatais, Autarquias, Fundações, Poder Legislativo, Poder Judiciário, Ministério Público, Defensoria Pública e Tribunal de Contas.;http://www.camara.gov.br/proposicoesWeb/prop_mostrarintegra?codteor=1901806
2319439;EMP;Emenda de Plenário a Projeto com Urgência;2022-04-06;0;Institui a Lei Brasileira de Liberdade, Responsabilidade e Transparência na Internet;http://www.camara.gov.br/proposicoesWeb/prop_mostrarintegra?codteor=2156272
2238402;PL;Projeto de Lei;2020-03-04;2020;Altera a Lei nº 12.965, de 23 de abril de 2014, para dispor sobre o exercício da atividade jornalística na rede mundial de computadores.;http://www.camara.gov.br/proposicoesWeb/prop_mostrarintegra?codteor=1862539
2253673;PL;Projeto de Lei;2020-05-26;2020;Altera o Marco Civil da Internet -Lei nº 12.965, de  23 de abril de 2014, e a Lei do Sistema Brasileiro de Defesa da Concorrência -Lei nº. 12.529/2011.;http://www.camara.gov.br/proposicoesWeb/prop_mostrarintegra?codteor=1897472
2282377;PL;Projeto de Lei;2021-05-11;2021;Altera a Lei 12.965, de 23 de abril de 2014, e a Lei nº 13.709, de 14 de agosto de 2018, para permitir a portabilidade de seguidores para outros serviços e aplicativos de telecomunicações.;http://www.camara.gov.br/proposicoesWeb/prop_mostrarintegra?codteor=2008977
2297549;EMP;Emenda de Plenário a Projeto com Urgência;2021-09-02;0;Altere-se o artigo 175 do Projeto de lei complementar n. 112 de 2021, passando a ter a seguinte redação;http://www.camara.gov.br/proposicoesWeb/prop_mostrarintegra?codteor=2068839
2302644;AA;Autógrafo;2021-10-13;0;;http://www.camara.gov.br/proposicoesWeb/prop_mostrarintegra?codteor=2088898
2297524;EMP;Emenda de Plenário a Projeto com Urgência;2021-09-02;0;Institui o Código Eleitoral;http://www.camara.gov.br/proposicoesWeb/prop_mostrarintegra?codteor=2068696
2297965;EMP;Emenda de Plenário a Projeto com Urgência;2021-09-09;0;Institui o Código Eleitoral.;http://www.camara.gov.br/proposicoesWeb/prop_mostrarintegra?codteor=2070556
21272;PL;Projeto de Lei;1990-12-12;1990;Cria , para efeito indicativo, o Certificado de Classificação, de diversões e espetáculos públicos e de programas de rádio e televisão e dá outras providências;http://www.camara.gov.br/proposicoesWeb/prop_mostrarintegra?codteor=15526
2269465;PL;Projeto de Lei;2021-02-05;2021;Modifica o Decreto-lei no 2.848, de 7 de dezembro de 1940 ( Código Penal) afim de tornar crime reproduzir, divulgar e propagar, com intenção de denegrir a imagem da pessoa, matéria sobre condenação em juízo, de pessoa já absolvida nas instancias superiores, no Poder Judiciário;http://www.camara.gov.br/proposicoesWeb/prop_mostrarintegra?codteor=1961110
2297941;EMP;Emenda de Plenário a Projeto com Urgência;2021-09-09;0;Institui o Código Eleitoral.;http://www.camara.gov.br/proposicoesWeb/prop_mostrarintegra?codteor=2070484
2309788;SBT-A;Substitutivo adotado pela Comissão;2021-12-01;0;Tipifica como crime de responsabilidade a disseminação ou compartilhamento por ocupante de cargo, função ou emprego público de informação falsa, sem fundamento ou difamatória.;http://www.camara.gov.br/proposicoesWeb/prop_mostrarintegra?codteor=2115515
2087820;EMR;Emenda de Relator;2016-06-14;0;;http://www.camara.gov.br/proposicoesWeb/prop_mostrarintegra?codteor=1467420
2297457;EMP;Emenda de Plenário a Projeto com Urgência;2021-09-02;0;Emenda de Plenário - PLP 112-2021 - Investigação eleitoral - candidatos laranjas;http://www.camara.gov.br/proposicoesWeb/prop_mostrarintegra?codteor=2068478
2134252;PL;Projeto de Lei;2017-05-04;2017;Acrescenta artigo à Lei nº 12.232, de 29 de abril de 2010, para estabelecer a obrigatoriedade de divulgação de informações acerca dos custos de campanhas publicitárias oficiais.;http://www.camara.gov.br/proposicoesWeb/prop_mostrarintegra?codteor=1553181
2218850;PL;Projeto de Lei;2019-09-04;2019;Altera a Lei nº 12.232, de 29 de abril de 2010, para acrescentar normas relativas à execução de serviços de publicidade contratados pela administração pública;http://www.camara.gov.br/proposicoesWeb/prop_mostrarintegra?codteor=1802866
510890;PL;Projeto de Lei;2011-06-30;2011;Institui o direito de resposta em caso de acusação ou ofensa divulgada na rede mundial de computadores.;http://www.camara.gov.br/proposicoesWeb/prop_mostrarintegra?codteor=894820
2297893;EMP;Emenda de Plenário a Projeto com Urgência;2021-09-08;0;Institui o Código Eleitoral.;http://www.camara.gov.br/proposicoesWeb/prop_mostrarintegra?codteor=2070250
2238246;PL;Projeto de Lei;2020-03-03;2020;Altera o Marco Civil da Internet, Lei nº 12.965, de 23 de abril de 2014, para dispor sobre exclusão de resultados, pelos provedores de aplicação de busca na Internet, de nomes de policiais absolvidos em processos criminais.;http://www.camara.gov.br/proposicoesWeb/prop_mostrarintegra?codteor=1862053
545666;PL;Projeto de Lei;2012-05-23;2012;Acrescenta parágrafo ao art. 2º  da Lei nº 12.232, de 29 de  abril de 2010, que dispõe sobre as normas gerais  para licitação e contratação pela administração  pública de serviços de publicidade prestados por intermédio de agências de propaganda e dá outras providências , para estabelecer que a publicidade de atos, programas, obras, serviços e campanhas dos órgãos públicos realizados em parcerias do Governo Federal com Estados e/ou Municípios deverá, obrigatoriamente, exibir informação acerca da parceria.;http://www.camara.gov.br/proposicoesWeb/prop_mostrarintegra?codteor=994834
2277821;PL;Projeto de Lei;2021-04-13;2021;Dispõe sobre a liberdade de expressão e informação na internet.;http://www.camara.gov.br/proposicoesWeb/prop_mostrarintegra?codteor=1990786
17581;PL;Projeto de Lei;1991-02-19;1991;Disciplina a ação indenizatória por violação da intimidade, da honra, da imagem das pessoas e da vida privada, prevista no artigo 5º, inciso X, da Constituição Federal.;http://www.camara.gov.br/proposicoesWeb/prop_mostrarintegra?codteor=15523
2203193;PL;Projeto de Lei;2019-05-14;2019;Acrescenta parágrafo ao art. 93 da lei nº 13.303 de 30 de junho de 2016, que dispõe sobre o estatuto jurídico da empresa pública, da sociedade de economia mista e de suas subsidiárias, no âmbito da União, dos Estados, do Distrito Federal e dos Municípios, de forma a instituir divulgação de gastos de patrocínio e publicidade.;http://www.camara.gov.br/proposicoesWeb/prop_mostrarintegra?codteor=1747508
1215326;PL;Projeto de Lei;2015-04-23;2015;Dá nova redação ao §1º, e cria o §3º ao art. 53 da Lei n.º 9.504, de 1997, que estabelece normas para as eleições.;http://www.camara.gov.br/proposicoesWeb/prop_mostrarintegra?codteor=1324151
2297510;EMP;Emenda de Plenário a Projeto com Urgência;2021-09-02;0;Dê-se ao caput do art. 168 do substitutivo apresentado ao Projeto de Lei Complementar nº 112, de 2021, a seguinte redação.;http://www.camara.gov.br/proposicoesWeb/prop_mostrarintegra?codteor=2068636
2297559;EMP;Emenda de Plenário a Projeto com Urgência;2021-09-02;0;Institui o Código Eleitoral.;http://www.camara.gov.br/proposicoesWeb/prop_mostrarintegra?codteor=2068872
2297558;EMP;Emenda de Plenário a Projeto com Urgência;2021-09-02;0;Altera o PLP 112/2021.;http://www.camara.gov.br/proposicoesWeb/prop_mostrarintegra?codteor=2068868
2319386;EMP;Emenda de Plenário a Projeto com Urgência;2022-04-06;0;Institui a Lei Brasileira de Liberdade, Responsabilidade e Transparência na Internet.;http://www.camara.gov.br/proposicoesWeb/prop_mostrarintegra?codteor=2156113
2297551;EMP;Emenda de Plenário a Projeto com Urgência;2021-09-02;0;EMENDA  DE  PLENÁRIO PLP 112;http://www.camara.gov.br/proposicoesWeb/prop_mostrarintegra?codteor=2068848
2191195;PL;Projeto de Lei;2019-02-05;2019;Altera a Lei n° 12.232, de 29 de abril de 2010, dispondo sobre normas de contratação pela administração pública de serviços de publicidade para estabelecer critérios objetivos para a veiculação de peças publicitárias dos órgãos e entidades do Poder Executivo da Administração direta e indireta e dá outras providências.;http://www.camara.gov.br/proposicoesWeb/prop_mostrarintegra?codteor=1707898
1553982;PL;Projeto de Lei;2015-07-06;2015;Acresce o art. 171-A ao Decreto-Lei nº 2.848, de 7 de dezembro de 1940 (Código Penal) para tipificar como estelionato promessas de candidatos a cargos eletivos, na esfera do Poder Público, feitas por qualquer meio no período de campanha eleitoral e que não venham a ser cumpridas durante o mandato.;http://www.camara.gov.br/proposicoesWeb/prop_mostrarintegra?codteor=1357513
